Date;Open;High;Low;Close*;Adj Close**;Volume
21/04/2023;77.13;78.39;76.72;77.87;77.87;291,114
20/04/2023;78.87;78.89;76.97;77.29;77.29;361,413
19/04/2023;80.92;81.18;78.46;79.16;79.16;78,310
18/04/2023;81.00;81.48;79.87;80.86;80.86;96,290
17/04/2023;82.48;82.71;80.47;80.83;80.83;217,048
14/04/2023;82.40;83.12;81.76;82.52;82.52;275,129
13/04/2023;83.22;83.44;82.11;82.16;82.16;261,230
12/04/2023;81.44;83.53;81.28;83.26;83.26;356,133
11/04/2023;79.88;81.59;79.37;81.53;81.53;309,683
10/04/2023;80.50;81.22;79.61;79.74;79.74;264,906
06/04/2023;80.37;80.96;79.65;80.70;80.70;-
05/04/2023;81.01;81.24;79.72;80.61;80.61;254,974
04/04/2023;80.44;81.81;79.61;80.71;80.71;343,570
03/04/2023;80.10;81.69;79.00;80.42;80.42;547,126
31/03/2023;74.37;75.72;73.77;75.67;75.67;304,361
30/03/2023;72.98;74.63;72.61;74.37;74.37;269,743
29/03/2023;73.61;74.37;72.76;72.97;72.97;312,669
28/03/2023;72.86;73.93;72.19;73.20;73.20;328,472
27/03/2023;69.42;73.10;69.13;72.81;72.81;353,598
24/03/2023;69.51;70.38;66.82;69.26;69.26;380,852
23/03/2023;69.95;71.67;69.14;69.96;69.96;335,241
22/03/2023;69.48;71.31;68.89;70.90;70.90;337,639
21/03/2023;67.62;69.60;66.77;69.33;69.33;409,495
20/03/2023;66.62;67.70;64.12;67.64;67.64;76,873
17/03/2023;68.26;69.64;65.17;66.74;66.74;152,255
16/03/2023;68.22;69.38;65.71;68.35;68.35;327,120
15/03/2023;71.56;72.56;65.65;67.61;67.61;555,164
14/03/2023;74.70;74.90;70.78;71.33;71.33;432,858
13/03/2023;76.60;77.47;72.30;74.80;74.80;457,423
10/03/2023;75.65;77.11;74.77;76.68;76.68;371,834
09/03/2023;76.50;78.06;75.43;75.72;75.72;349,960
08/03/2023;77.32;77.73;76.11;76.66;76.66;335,930
07/03/2023;80.50;80.94;77.06;77.58;77.58;398,241
06/03/2023;79.92;80.63;78.32;80.46;80.46;292,351
03/03/2023;77.89;79.90;75.83;79.68;79.68;374,201
02/03/2023;77.74;78.59;77.23;78.16;78.16;260,331
01/03/2023;76.85;77.85;76.12;77.69;77.69;342,121
28/02/2023;75.76;77.83;75.55;77.05;77.05;300,093
27/02/2023;76.42;76.82;74.99;75.68;75.68;266,091
24/02/2023;75.60;76.63;74.09;76.32;76.32;329,254
23/02/2023;73.92;75.99;73.83;75.39;75.39;333,838
22/02/2023;76.11;76.55;73.80;73.95;73.95;332,018
21/02/2023;76.53;77.51;75.69;76.16;76.16;402,351
17/02/2023;78.07;78.25;75.06;76.34;76.34;93,267
16/02/2023;78.54;79.54;77.92;78.49;78.49;117,600
15/02/2023;78.83;79.15;77.25;78.59;78.59;264,486
14/02/2023;79.06;79.61;77.46;79.06;79.06;299,938
13/02/2023;79.94;80.62;78.45;80.14;80.14;301,299
10/02/2023;77.68;80.33;77.47;79.72;79.72;356,062
09/02/2023;78.45;78.84;76.52;78.06;78.06;324,156
08/02/2023;77.49;78.57;77.08;78.47;78.47;353,468
07/02/2023;74.57;77.60;74.35;77.14;77.14;408,279
06/02/2023;73.23;74.51;72.25;74.11;74.11;380,028
03/02/2023;75.92;78.00;73.10;73.39;73.39;413,414
02/02/2023;76.79;77.24;74.97;75.88;75.88;339,755
01/02/2023;79.06;79.73;76.05;76.41;76.41;360,859
31/01/2023;77.91;79.25;76.55;78.87;78.87;312,734
30/01/2023;80.04;80.49;77.66;77.90;77.90;327,426
27/01/2023;81.22;82.48;79.04;79.68;79.68;367,588
26/01/2023;80.48;82.14;79.92;81.01;81.01;291,060
25/01/2023;80.26;81.23;79.45;80.15;80.15;297,234
24/01/2023;81.62;82.22;79.66;80.13;80.13;288,207
23/01/2023;81.79;82.64;81.05;81.62;81.62;297,076
20/01/2023;80.60;81.64;79.69;81.31;81.31;300,145
19/01/2023;79.14;81.18;78.13;80.33;80.33;58,863
18/01/2023;80.97;82.38;78.94;79.48;79.48;92,549
17/01/2023;80.10;81.23;78.53;80.18;80.18;312,275
16/01/2023;80.10;80.22;78.53;78.85;78.85;283,539
13/01/2023;78.32;80.11;77.97;79.86;79.86;283,539
12/01/2023;77.70;79.16;77.10;78.39;78.39;307,705
11/01/2023;74.78;77.84;74.31;77.41;77.41;350,891
10/01/2023;74.86;75.92;73.84;75.12;75.12;307,430
09/01/2023;73.47;76.74;73.47;74.63;74.63;329,290
06/01/2023;73.97;75.47;73.24;73.77;73.77;258,128
05/01/2023;73.25;74.92;72.46;73.67;73.67;300,731
04/01/2023;77.25;77.42;72.73;72.84;72.84;352,434
03/01/2023;80.57;81.50;76.60;76.93;76.93;338,520
02/01/2023;-;-;-;-;-;-
30/12/2022;78.73;80.67;77.71;80.26;80.26;205,909
29/12/2022;78.82;78.82;76.79;78.40;78.40;199,858
28/12/2022;79.89;79.92;77.30;78.96;78.96;207,717
27/12/2022;79.90;81.18;79.16;79.53;79.53;199,601
26/12/2022;-;-;-;-;-;-
23/12/2022;78.18;80.33;77.98;79.56;79.56;237,711
22/12/2022;78.43;79.90;77.03;77.49;77.49;219,142
21/12/2022;75.99;78.61;75.80;78.29;78.29;234,624
20/12/2022;75.70;76.75;74.31;76.09;76.09;254,792
19/12/2022;74.50;76.41;73.81;75.19;75.19;69,348
16/12/2022;76.37;76.57;73.33;74.29;74.29;99,205
15/12/2022;77.37;77.77;75.33;76.11;76.11;224,663
14/12/2022;75.27;77.75;74.90;77.28;77.28;292,488
13/12/2022;73.29;76.37;73.21;75.39;75.39;352,858
12/12/2022;71.79;73.99;70.25;73.17;73.17;323,553
09/12/2022;71.85;72.92;70.08;71.02;71.02;356,722
08/12/2022;72.38;75.44;71.12;71.46;71.46;474,459
07/12/2022;74.55;75.38;71.75;72.01;72.01;392,236
06/12/2022;77.35;77.88;73.41;74.25;74.25;380,598
05/12/2022;79.99;82.72;76.77;76.93;76.93;346,657
02/12/2022;81.47;82.22;79.65;79.98;79.98;280,235
01/12/2022;80.40;83.34;79.93;81.22;81.22;321,432
30/11/2022;79.00;81.38;78.40;80.55;80.55;287,534
29/11/2022;76.54;79.65;76.29;78.20;78.20;381,869
28/11/2022;75.93;77.84;73.60;77.24;77.24;405,033
25/11/2022;77.51;79.90;76.22;76.28;76.28;266,451
23/11/2022;81.08;81.95;76.83;77.94;77.94;379,145
22/11/2022;80.22;82.36;79.85;80.95;80.95;269,615
21/11/2022;80.30;80.30;75.08;79.73;79.73;475,104
18/11/2022;82.09;82.64;77.24;80.08;80.08;96,583
17/11/2022;85.22;85.45;81.40;81.64;81.64;138,476
16/11/2022;86.89;87.51;84.20;85.59;85.59;225,668
15/11/2022;85.25;88.68;84.06;86.92;86.92;331,709
14/11/2022;89.02;89.84;85.15;85.87;85.87;315,450
11/11/2022;86.27;90.10;86.18;88.96;88.96;301,664
10/11/2022;85.85;87.35;84.70;86.47;86.47;340,007
09/11/2022;88.57;89.24;85.50;85.83;85.83;388,301
08/11/2022;91.87;92.17;88.52;88.91;88.91;344,223
07/11/2022;91.00;93.74;90.40;91.79;91.79;322,419
04/11/2022;87.90;92.87;87.82;92.61;92.61;354,060
03/11/2022;89.35;89.67;87.60;88.17;88.17;239,816
02/11/2022;88.62;90.36;87.72;90.00;90.00;280,961
01/11/2022;86.43;89.45;85.92;88.37;88.37;274,321
31/10/2022;88.39;88.65;85.30;86.53;86.53;285,342
28/10/2022;88.67;88.76;87.08;87.90;87.90;263,404
27/10/2022;88.26;89.79;87.33;89.08;89.08;292,556
26/10/2022;85.07;88.41;84.14;87.91;87.91;287,182
25/10/2022;84.88;86.03;83.06;85.32;85.32;240,441
24/10/2022;85.24;85.92;82.63;84.58;84.58;250,726
21/10/2022;85.07;85.90;83.15;85.05;85.05;272,803
20/10/2022;85.94;88.17;85.22;85.98;85.98;338,344
19/10/2022;83.69;86.20;82.59;85.55;85.55;71,309
18/10/2022;85.70;86.51;82.09;82.82;82.82;97,304
17/10/2022;85.59;87.12;84.61;85.46;85.46;172,020
14/10/2022;89.27;89.73;85.20;85.61;85.61;237,026
13/10/2022;87.08;89.66;85.56;89.11;89.11;298,032
12/10/2022;88.67;90.07;86.28;87.27;87.27;332,271
11/10/2022;91.14;91.35;87.91;89.35;89.35;333,158
10/10/2022;93.48;93.64;90.54;91.13;91.13;289,508
07/10/2022;88.93;93.31;88.00;92.64;92.64;429,162
06/10/2022;88.08;89.07;87.04;88.45;88.45;235,296
05/10/2022;86.37;88.42;85.42;87.76;87.76;329,790
04/10/2022;83.22;86.98;83.22;86.52;86.52;302,549
03/10/2022;81.02;84.56;80.87;83.63;83.63;287,168
30/09/2022;81.74;82.56;79.14;79.49;79.49;253,154
29/09/2022;81.90;82.94;80.34;81.23;81.23;286,126
28/09/2022;78.08;82.34;76.55;82.15;82.15;324,678
27/09/2022;76.47;79.51;76.42;78.50;78.50;283,614
26/09/2022;79.23;80.31;76.25;76.71;76.71;280,927
23/09/2022;83.54;83.92;78.04;78.74;78.74;334,271
22/09/2022;83.07;86.00;82.40;83.49;83.49;303,492
21/09/2022;84.25;86.68;82.49;82.94;82.94;339,683
20/09/2022;85.61;86.45;83.52;84.45;84.45;279,813
19/09/2022;85.21;86.22;82.10;85.73;85.73;59,626
16/09/2022;85.16;86.59;84.27;85.11;85.11;87,829
15/09/2022;88.91;89.15;84.53;85.10;85.10;235,358
14/09/2022;87.94;90.19;86.18;88.48;88.48;335,381
13/09/2022;88.09;89.31;85.06;87.31;87.31;347,998
12/09/2022;86.25;89.10;85.16;87.78;87.78;275,104
09/09/2022;82.80;87.20;82.71;86.79;86.79;305,188
08/09/2022;81.91;84.25;81.20;83.54;83.54;342,763
07/09/2022;86.93;87.76;81.50;81.94;81.94;380,781
06/09/2022;86.84;90.39;86.18;86.88;86.88;420,255
05/09/2022;-;-;-;-;-;-
02/09/2022;86.56;89.66;86.35;86.87;86.87;277,533
01/09/2022;88.83;89.63;85.98;86.61;86.61;305,106
31/08/2022;92.31;92.73;88.27;89.55;89.55;344,147
30/08/2022;96.90;97.66;90.54;91.64;91.64;386,272
29/08/2022;92.96;97.37;92.29;97.01;97.01;283,463
26/08/2022;93.06;94.02;91.08;93.06;93.06;288,392
25/08/2022;95.35;95.76;92.29;92.52;92.52;279,877
24/08/2022;93.78;95.40;92.79;94.89;94.89;320,388
23/08/2022;90.55;94.22;90.42;93.74;93.74;285,607
22/08/2022;89.65;91.26;86.60;90.23;90.23;352,665
19/08/2022;90.39;92.09;88.38;90.77;90.77;58,714
18/08/2022;87.39;91.46;87.32;90.50;90.50;80,029
17/08/2022;87.10;89.16;85.88;88.11;88.11;230,346
16/08/2022;87.93;90.65;85.73;86.53;86.53;305,366
15/08/2022;91.94;92.10;86.82;89.41;89.41;275,443
12/08/2022;94.09;94.81;91.16;92.09;92.09;264,953
11/08/2022;91.55;95.05;91.24;94.34;94.34;341,234
10/08/2022;90.51;92.43;87.66;91.93;91.93;383,766
09/08/2022;90.69;92.65;89.05;90.50;90.50;347,045
08/08/2022;88.46;90.89;87.22;90.76;90.76;340,157
05/08/2022;88.06;90.76;87.01;89.01;89.01;350,016
04/08/2022;90.95;91.90;87.55;88.54;88.54;334,931
03/08/2022;93.83;96.57;90.38;90.66;90.66;395,099
02/08/2022;93.75;96.47;92.59;94.42;94.42;328,538
01/08/2022;98.46;98.65;92.42;93.89;93.89;365,293
29/07/2022;97.30;101.88;96.41;98.62;98.62;349,374
28/07/2022;98.17;99.84;96.04;96.42;96.42;318,403
27/07/2022;95.60;98.59;94.30;97.26;97.26;321,903
26/07/2022;96.33;99.00;94.76;94.98;94.98;310,043
25/07/2022;95.10;96.94;93.01;96.70;96.70;278,998
22/07/2022;96.51;97.95;94.23;94.70;94.70;307,568
21/07/2022;99.91;99.99;94.59;96.35;96.35;318,911
20/07/2022;103.60;104.39;101.51;102.26;102.26;315,620
19/07/2022;102.00;104.46;99.85;104.22;104.22;63,149
18/07/2022;97.27;102.80;95.85;102.60;102.60;84,669
15/07/2022;96.39;99.03;94.57;97.59;97.59;240,766
14/07/2022;96.57;97.00;90.56;95.78;95.78;387,528
13/07/2022;95.89;97.96;93.67;96.30;96.30;347,193
12/07/2022;103.46;103.49;95.35;95.84;95.84;398,552
11/07/2022;104.79;105.05;100.89;104.09;104.09;348,566
08/07/2022;102.22;105.24;101.51;104.79;104.79;327,461
07/07/2022;98.22;104.48;96.57;102.73;102.73;379,861
06/07/2022;100.36;102.14;95.10;98.53;98.53;444,106
05/07/2022;108.80;111.45;97.43;99.50;99.50;594,215
04/07/2022;-;-;-;-;-;-
01/07/2022;106.01;109.34;104.56;108.43;108.43;305,338
30/06/2022;109.70;110.45;105.10;105.76;105.76;362,890
29/06/2022;111.86;114.05;109.22;109.78;109.78;322,060
28/06/2022;110.18;112.22;109.62;111.76;111.76;306,748
27/06/2022;107.22;110.54;105.60;109.57;109.57;282,914
24/06/2022;103.99;108.58;103.64;107.62;107.62;321,591
23/06/2022;104.42;107.05;102.32;104.27;104.27;346,362
22/06/2022;109.54;109.76;101.53;106.19;106.19;432,724
21/06/2022;110.58;112.47;108.72;110.65;110.65;427,262
20/06/2022;110.58;110.95;108.72;110.27;110.27;103,149
17/06/2022;117.08;118.97;108.25;109.56;109.56;103,149
16/06/2022;115.98;118.08;112.31;117.59;117.59;162,543
15/06/2022;119.07;119.61;114.60;115.31;115.31;301,750
14/06/2022;121.09;123.68;116.62;118.93;118.93;366,320
13/06/2022;120.19;122.25;117.47;120.93;120.93;372,403
10/06/2022;121.46;122.75;118.33;120.67;120.67;352,906
09/06/2022;122.43;122.72;120.79;121.51;121.51;293,295
08/06/2022;119.79;123.18;119.30;122.11;122.11;340,591
07/06/2022;119.10;120.36;117.14;119.41;119.41;341,694
06/06/2022;120.82;120.99;117.63;118.50;118.50;246,825
03/06/2022;117.55;120.46;115.23;118.87;118.87;240,831
02/06/2022;114.80;117.77;111.20;116.87;116.87;327,600
01/06/2022;115.40;117.87;114.58;115.26;115.26;290,530
31/05/2022;114.96;119.98;114.15;114.67;114.67;440,796
30/05/2022;-;-;-;-;-;-
27/05/2022;114.20;115.30;112.85;115.07;115.07;217,281
26/05/2022;110.69;114.83;110.27;114.09;114.09;234,752
25/05/2022;110.39;111.68;109.23;110.33;110.33;191,370
24/05/2022;110.41;111.43;108.61;109.77;109.77;224,794
23/05/2022;110.56;111.96;109.15;110.29;110.29;215,623
20/05/2022;111.45;114.04;110.85;113.23;113.23;229,930
19/05/2022;109.09;112.62;105.13;112.21;112.21;68,511
18/05/2022;113.66;115.42;108.46;109.59;109.59;103,669
17/05/2022;113.87;115.56;111.75;112.40;112.40;252,630
16/05/2022;110.98;114.90;108.11;114.20;114.20;289,127
13/05/2022;106.65;110.64;106.29;110.49;110.49;240,989
12/05/2022;105.63;107.37;102.66;106.13;106.13;323,547
11/05/2022;99.00;106.44;98.20;105.71;105.71;382,701
10/05/2022;102.65;104.16;98.86;99.76;99.76;389,750
09/05/2022;110.43;110.49;102.13;103.09;103.09;368,183
06/05/2022;108.70;111.18;107.24;109.77;109.77;294,278
05/05/2022;107.58;111.37;106.45;108.26;108.26;286,916
04/05/2022;103.50;108.61;102.95;107.81;107.81;272,909
03/05/2022;105.08;105.80;102.10;102.41;102.41;239,266
02/05/2022;104.00;105.94;100.28;105.17;105.17;261,878
29/04/2022;105.17;107.99;103.78;104.69;104.69;294,386
28/04/2022;102.11;105.68;100.13;105.36;105.36;312,064
27/04/2022;101.76;102.99;99.80;102.02;102.02;278,781
26/04/2022;98.64;102.78;97.06;101.70;101.70;351,850
25/04/2022;101.38;101.55;95.28;98.54;98.54;328,153
22/04/2022;104.07;104.22;101.06;102.07;102.07;246,116
21/04/2022;102.50;105.42;102.01;103.79;103.79;280,321
20/04/2022;103.05;104.16;100.70;102.75;102.75;299,028
19/04/2022;107.75;108.92;102.10;102.56;102.56;71,792
18/04/2022;107.03;109.81;106.00;108.21;108.21;68,489
14/04/2022;104.20;107.64;102.12;106.95;106.95;244,952
13/04/2022;100.91;104.47;99.87;104.25;104.25;312,502
12/04/2022;95.17;101.35;94.84;100.60;100.60;329,037
11/04/2022;98.40;98.52;92.93;94.29;94.29;315,873
08/04/2022;97.17;98.76;95.29;98.26;98.26;310,082
07/04/2022;97.16;98.82;93.81;96.03;96.03;367,318
06/04/2022;101.24;104.02;95.73;96.23;96.23;366,036
05/04/2022;103.66;105.59;99.88;101.96;101.96;280,283
04/04/2022;98.95;103.94;98.05;103.28;103.28;288,131
01/04/2022;101.23;101.75;97.78;99.27;99.27;324,777
31/03/2022;107.45;107.80;99.66;100.28;100.28;450,845
30/03/2022;105.24;108.75;104.55;107.82;107.82;284,544
29/03/2022;103.47;107.84;98.44;104.24;104.24;387,200
28/03/2022;112.92;112.93;102.83;105.96;105.96;372,251
25/03/2022;111.75;114.12;108.68;113.90;113.90;320,304
24/03/2022;114.47;116.64;110.61;112.34;112.34;307,238
23/03/2022;108.85;115.40;108.38;114.93;114.93;289,182
22/03/2022;112.90;115.01;109.30;111.76;111.76;318,629
21/03/2022;105.13;112.69;104.08;112.12;112.12;77,217
18/03/2022;103.62;106.28;102.30;104.70;104.70;74,247
17/03/2022;95.34;104.24;94.85;102.98;102.98;210,763
16/03/2022;95.23;99.22;94.07;95.04;95.04;293,947
15/03/2022;102.28;102.58;93.53;96.44;96.44;401,690
14/03/2022;109.42;109.72;99.76;103.01;103.01;344,184
11/03/2022;105.99;110.29;104.48;109.33;109.33;368,194
10/03/2022;110.41;114.88;105.53;106.02;106.02;437,924
09/03/2022;124.66;126.84;103.63;108.70;108.70;594,773
08/03/2022;120.67;129.44;117.07;123.70;123.70;583,106
07/03/2022;121.33;130.50;115.54;119.40;119.40;576,022
04/03/2022;107.96;116.02;107.25;115.68;115.68;493,875
03/03/2022;111.33;116.57;106.43;107.67;107.67;592,031
02/03/2022;107.12;112.51;105.18;110.60;110.60;651,853
01/03/2022;96.09;106.78;95.32;103.41;103.41;698,814
28/02/2022;94.99;99.10;94.43;95.72;95.72;490,796
25/02/2022;93.32;95.64;90.06;91.59;91.59;523,793
24/02/2022;92.52;100.54;91.45;92.81;92.81;872,244
23/02/2022;91.74;93.90;90.64;92.10;92.10;440,574
22/02/2022;91.75;96.00;90.35;92.35;92.35;789,041
18/02/2022;91.63;92.66;89.03;91.07;91.07;150,382
17/02/2022;90.90;93.36;90.62;91.76;91.76;212,552
16/02/2022;92.21;95.01;90.00;93.66;93.66;401,453
15/02/2022;94.83;95.17;90.66;92.07;92.07;442,641
14/02/2022;93.91;95.82;92.09;95.46;95.46;467,071
11/02/2022;90.00;94.66;89.19;93.10;93.10;554,423
10/02/2022;90.01;91.74;89.03;89.88;89.88;492,091
09/02/2022;89.86;90.58;88.41;89.66;89.66;445,618
08/02/2022;91.64;91.68;88.51;89.36;89.36;467,386
07/02/2022;91.82;92.73;90.73;91.32;91.32;497,754
04/02/2022;90.19;93.17;90.07;92.31;92.31;410,926
03/02/2022;87.98;90.45;86.75;90.27;90.27;465,771
02/02/2022;88.35;89.72;87.10;88.26;88.26;456,863
01/02/2022;88.15;88.87;86.55;88.20;88.20;376,841
31/01/2022;87.45;88.39;86.34;88.15;88.15;359,080
28/01/2022;87.50;88.84;86.44;86.82;86.82;436,172
27/01/2022;87.15;88.54;86.20;86.61;86.61;427,804
26/01/2022;85.26;87.95;85.01;87.35;87.35;459,642
25/01/2022;84.15;85.71;82.99;85.60;85.60;507,219
24/01/2022;84.91;86.09;81.90;83.31;83.31;511,695
21/01/2022;84.57;85.56;82.78;85.14;85.14;509,103
20/01/2022;86.23;87.82;86.00;86.90;86.90;532,202
19/01/2022;86.61;87.91;85.77;86.96;86.96;113,153
18/01/2022;84.32;86.63;83.50;85.43;85.43;163,643
14/01/2022;81.73;84.45;81.58;83.82;83.82;364,442
13/01/2022;82.82;82.94;81.39;82.12;82.12;364,769
12/01/2022;81.38;83.10;81.17;82.64;82.64;420,619
11/01/2022;78.42;81.59;78.36;81.22;81.22;481,815
10/01/2022;78.88;79.45;77.83;78.23;78.23;389,956
07/01/2022;79.62;80.47;78.52;78.90;78.90;414,434
06/01/2022;77.24;80.24;76.73;79.46;79.46;476,665
05/01/2022;77.18;78.58;76.51;77.85;77.85;397,898
04/01/2022;76.02;77.64;75.70;76.99;76.99;372,848
03/01/2022;75.69;76.46;74.27;76.08;76.08;317,628
31/12/2021;76.66;77.08;74.95;75.21;75.21;237,118
30/12/2021;76.58;77.44;75.78;76.99;76.99;231,163
29/12/2021;76.04;77.37;75.36;76.56;76.56;283,557
28/12/2021;75.97;76.92;75.53;75.98;75.98;249,728
27/12/2021;73.38;76.09;72.57;75.57;75.57;268,490
23/12/2021;73.03;73.95;72.27;73.79;73.79;270,223
22/12/2021;71.27;73.16;70.80;72.76;72.76;306,709
21/12/2021;69.21;71.55;68.56;71.12;71.12;358,779
20/12/2021;70.07;70.07;66.04;68.23;68.23;492,217
17/12/2021;71.92;72.26;69.89;70.86;70.86;78,125
16/12/2021;71.48;72.99;71.03;72.38;72.38;142,541
15/12/2021;70.35;71.66;69.39;70.87;70.87;294,337
14/12/2021;71.12;72.03;69.51;70.73;70.73;359,454
13/12/2021;72.04;73.00;70.71;71.29;71.29;406,604
10/12/2021;70.68;72.33;70.32;71.67;71.67;397,883
09/12/2021;72.52;73.34;70.39;70.94;70.94;393,205
08/12/2021;71.86;73.00;70.91;72.36;72.36;464,846
07/12/2021;69.72;73.03;69.52;72.05;72.05;496,528
06/12/2021;67.02;70.15;66.72;69.49;69.49;401,060
03/12/2021;67.50;69.22;65.60;66.26;66.26;449,974
02/12/2021;65.63;67.49;62.43;66.50;66.50;668,293
01/12/2021;67.01;69.49;64.84;65.57;65.57;602,447
30/11/2021;70.04;71.22;64.43;66.18;66.18;722,475
29/11/2021;69.23;72.93;68.86;69.95;69.95;675,090
26/11/2021;78.34;78.65;67.40;68.15;68.15;844,630
25/11/2021;78.34;78.65;77.76;78.03;78.03;328,848
24/11/2021;78.48;79.23;77.98;78.39;78.39;328,848
23/11/2021;76.46;78.86;75.30;78.50;78.50;506,987
22/11/2021;75.75;77.16;74.76;76.75;76.75;465,768
19/11/2021;78.76;79.92;75.37;76.10;76.10;623,448
18/11/2021;78.34;79.36;77.08;79.01;79.01;83,984
17/11/2021;80.54;80.69;77.69;78.36;78.36;174,471
16/11/2021;80.93;81.81;80.03;80.76;80.76;325,668
15/11/2021;80.66;81.20;79.30;80.88;80.88;343,484
12/11/2021;81.21;81.62;79.78;80.79;80.79;390,304
11/11/2021;81.41;82.33;80.20;81.59;81.59;475,436
10/11/2021;84.53;84.97;80.81;81.34;81.34;555,215
09/11/2021;82.16;84.63;81.78;84.15;84.15;504,832
08/11/2021;81.13;82.67;81.05;81.93;81.93;393,953
05/11/2021;79.37;81.80;78.96;81.27;81.27;531,054
04/11/2021;80.18;83.42;78.25;78.81;78.81;701,119
03/11/2021;83.07;83.08;79.69;80.86;80.86;546,577
02/11/2021;83.87;84.41;82.92;83.91;83.91;429,608
01/11/2021;83.36;84.88;82.74;84.05;84.05;412,309
29/10/2021;83.09;83.74;81.41;83.57;83.57;507,309
28/10/2021;82.25;83.21;80.58;82.81;82.81;491,585
27/10/2021;84.39;84.51;82.01;82.66;82.66;529,952
26/10/2021;83.72;84.88;82.97;84.65;84.65;467,716
25/10/2021;83.98;85.41;83.39;83.76;83.76;568,725
22/10/2021;82.61;84.22;81.76;83.76;83.76;465,355
21/10/2021;83.58;83.96;80.79;82.50;82.50;567,503
20/10/2021;83.34;84.25;81.30;83.87;83.87;530,693
19/10/2021;82.37;83.74;81.80;82.96;82.96;82,607
18/10/2021;82.60;83.87;81.84;82.44;82.44;134,098
15/10/2021;81.48;82.66;81.39;82.28;82.28;277,953
14/10/2021;80.59;81.68;80.38;81.31;81.31;399,813
13/10/2021;80.58;81.04;79.42;80.44;80.44;487,220
12/10/2021;80.50;81.62;79.47;80.64;80.64;598,181
11/10/2021;79.59;82.18;79.55;80.52;80.52;653,756
08/10/2021;78.86;80.11;78.63;79.35;79.35;662,010
07/10/2021;77.00;78.89;74.96;78.30;78.30;545,008
06/10/2021;79.04;79.78;76.83;77.43;77.43;459,055
05/10/2021;77.58;79.48;77.47;78.93;78.93;449,617
04/10/2021;75.90;78.38;75.32;77.62;77.62;458,006
01/10/2021;75.12;75.99;74.23;75.88;75.88;388,996
30/09/2021;74.78;76.07;73.14;75.03;75.03;583,189
29/09/2021;74.38;75.79;73.74;74.83;74.83;424,193
28/09/2021;75.43;76.67;74.24;75.29;75.29;476,143
27/09/2021;74.19;75.75;74.16;75.45;75.45;417,829
24/09/2021;73.24;74.27;72.81;73.98;73.98;350,382
23/09/2021;71.97;73.50;71.61;73.30;73.30;403,405
22/09/2021;70.85;72.30;70.64;72.23;72.23;381,061
21/09/2021;70.59;71.63;69.67;70.56;70.56;393,403
20/09/2021;71.92;72.08;69.86;70.29;70.29;75,837
17/09/2021;72.62;72.72;71.21;71.97;71.97;119,933
16/09/2021;72.65;72.99;71.53;72.61;72.61;298,412
15/09/2021;70.76;73.14;70.65;72.61;72.61;418,665
14/09/2021;70.64;71.22;69.98;70.46;70.46;414,231
13/09/2021;69.74;70.97;69.51;70.45;70.45;390,939
10/09/2021;67.97;69.96;67.68;69.72;69.72;411,079
09/09/2021;69.36;69.89;67.56;68.14;68.14;556,451
08/09/2021;68.37;69.75;68.31;69.30;69.30;389,325
07/09/2021;69.11;69.48;67.64;68.35;68.35;481,704
03/09/2021;69.76;70.53;69.05;69.29;69.29;313,086
02/09/2021;68.29;70.61;67.84;69.99;69.99;403,314
01/09/2021;68.55;69.24;67.12;68.59;68.59;399,497
31/08/2021;69.18;69.34;68.16;68.50;68.50;325,853
30/08/2021;69.30;69.64;67.67;69.21;69.21;360,797
27/08/2021;67.75;69.05;67.52;68.74;68.74;326,056
26/08/2021;68.00;68.31;67.02;67.42;67.42;344,286
25/08/2021;67.63;68.54;66.92;68.36;68.36;353,742
24/08/2021;65.54;67.80;65.41;67.54;67.54;335,888
23/08/2021;61.96;66.00;61.74;65.64;65.64;397,290
20/08/2021;64.05;64.10;62.11;62.32;62.32;365,009
19/08/2021;64.58;64.76;62.63;63.69;63.69;88,237
18/08/2021;66.58;67.48;64.34;65.46;65.46;121,197
17/08/2021;67.43;67.72;66.33;66.59;66.59;235,303
16/08/2021;68.13;68.14;65.73;67.29;67.29;334,844
13/08/2021;68.91;69.22;67.77;68.44;68.44;272,033
12/08/2021;69.36;69.62;68.46;69.09;69.09;352,465
11/08/2021;68.51;69.45;66.67;69.25;69.25;513,292
10/08/2021;66.85;68.90;66.56;68.29;68.29;452,126
09/08/2021;67.88;67.90;65.15;66.48;66.48;598,381
06/08/2021;69.14;70.18;67.80;68.28;68.28;537,136
05/08/2021;68.06;69.35;67.61;69.09;69.09;416,331
04/08/2021;70.32;70.81;67.85;68.15;68.15;582,924
03/08/2021;71.52;71.96;69.19;70.56;70.56;509,938
02/08/2021;73.91;73.95;70.55;71.26;71.26;448,200
30/07/2021;73.41;74.23;72.93;73.95;73.95;303,700
29/07/2021;72.40;73.68;72.26;73.62;73.62;294,462
28/07/2021;71.90;72.60;71.70;72.39;72.39;318,911
27/07/2021;72.22;72.33;71.08;71.65;71.65;333,123
26/07/2021;72.18;72.43;70.56;71.91;71.91;395,743
23/07/2021;71.71;72.21;71.39;72.07;72.07;274,778
22/07/2021;70.22;72.03;69.86;71.91;71.91;435,181
21/07/2021;66.45;70.51;66.44;70.30;70.30;503,030
20/07/2021;66.60;67.65;65.21;67.42;67.42;561,629
19/07/2021;71.49;71.67;65.63;66.42;66.42;82,565
16/07/2021;71.48;72.30;70.41;71.81;71.81;133,926
15/07/2021;72.96;72.96;71.40;71.65;71.65;368,679
14/07/2021;75.17;75.44;72.21;73.13;73.13;528,360
13/07/2021;74.18;75.52;73.68;75.25;75.25;444,078
12/07/2021;74.74;74.93;73.16;74.10;74.10;397,931
09/07/2021;73.26;74.76;72.72;74.56;74.56;422,154
08/07/2021;72.17;73.26;70.76;72.94;72.94;529,690
07/07/2021;73.85;74.86;71.07;72.20;72.20;607,971
06/07/2021;75.35;76.98;72.94;73.37;73.37;714,044
02/07/2021;75.02;75.62;74.41;75.16;75.16;377,531
01/07/2021;73.50;76.22;73.39;75.23;75.23;615,678
30/06/2021;73.47;74.14;72.82;73.47;73.47;383,626
29/06/2021;72.78;73.81;71.97;72.98;72.98;321,448
28/06/2021;73.99;74.45;72.62;72.91;72.91;354,701
25/06/2021;73.32;74.18;72.85;74.05;74.05;364,721
24/06/2021;73.28;73.61;72.32;73.30;73.30;334,833
23/06/2021;72.91;74.25;72.82;73.08;73.08;429,207
22/06/2021;73.41;73.95;72.94;73.06;73.06;498,555
21/06/2021;71.52;73.96;71.15;73.66;73.66;123,662
18/06/2021;71.10;72.17;70.16;71.64;71.64;139,584
17/06/2021;71.65;72.30;69.77;71.04;71.04;373,780
16/06/2021;72.45;72.99;71.61;72.15;72.15;426,775
15/06/2021;71.16;72.49;70.81;72.12;72.12;336,035
14/06/2021;70.65;71.78;70.65;70.88;70.88;319,639
11/06/2021;70.10;71.24;69.68;70.91;70.91;563,575
10/06/2021;69.76;70.65;68.68;70.29;70.29;492,464
09/06/2021;70.01;70.62;69.46;69.96;69.96;410,820
08/06/2021;69.29;70.27;68.47;70.05;70.05;441,302
07/06/2021;69.52;70.00;68.93;69.23;69.23;365,621
04/06/2021;68.91;69.76;68.33;69.62;69.62;326,250
03/06/2021;68.76;69.40;68.19;68.81;68.81;351,367
02/06/2021;67.99;69.00;67.78;68.83;68.83;332,995
01/06/2021;66.68;68.87;66.41;67.72;67.72;570,985
28/05/2021;66.95;67.52;66.17;66.32;66.32;390,461
27/05/2021;66.16;66.92;65.47;66.85;66.85;337,542
26/05/2021;66.04;66.43;65.25;66.21;66.21;376,207
25/05/2021;66.02;66.51;65.41;66.07;66.07;497,394
24/05/2021;63.87;66.14;63.63;66.05;66.05;466,647
21/05/2021;61.89;64.07;61.56;63.58;63.58;530,831
20/05/2021;63.39;63.96;61.89;62.05;62.05;524,168
19/05/2021;65.28;65.35;61.95;63.36;63.36;101,902
18/05/2021;66.33;67.01;64.11;65.49;65.49;167,348
17/05/2021;65.50;66.43;64.83;66.27;66.27;268,476
14/05/2021;63.83;65.62;63.33;65.37;65.37;383,749
13/05/2021;65.75;65.81;63.09;63.82;63.82;547,691
12/05/2021;65.46;66.63;64.97;66.08;66.08;508,519
11/05/2021;64.90;65.50;63.68;65.28;65.28;514,949
10/05/2021;65.57;65.75;63.95;64.92;64.92;448,337
07/05/2021;64.90;65.24;63.90;64.90;64.90;431,417
06/05/2021;65.27;65.98;64.50;64.71;64.71;389,214
05/05/2021;66.45;66.76;64.92;65.63;65.63;460,066
04/05/2021;64.53;66.19;64.29;65.69;65.69;370,208
03/05/2021;63.64;64.68;62.91;64.49;64.49;285,969
30/04/2021;64.88;64.95;63.08;63.58;63.58;400,515
29/04/2021;63.70;65.47;63.65;65.01;65.01;384,489
28/04/2021;63.04;64.53;62.67;63.86;63.86;387,683
27/04/2021;61.97;63.30;61.91;62.94;62.94;361,536
26/04/2021;62.06;62.31;60.66;61.91;61.91;366,865
23/04/2021;61.65;62.43;61.25;62.14;62.14;345,407
22/04/2021;61.11;61.87;60.61;61.43;61.43;344,700
21/04/2021;62.39;62.56;60.86;61.35;61.35;431,486
20/04/2021;63.47;64.25;61.50;62.44;62.44;476,046
19/04/2021;62.98;63.63;62.63;63.38;63.38;74,384
16/04/2021;63.32;63.88;62.83;63.13;63.13;87,795
15/04/2021;62.83;63.57;62.53;63.46;63.46;243,370
14/04/2021;60.44;63.44;60.38;63.15;63.15;419,813
13/04/2021;59.64;60.59;59.64;60.18;60.18;349,733
12/04/2021;59.35;60.77;58.73;59.70;59.70;410,218
09/04/2021;59.76;59.95;59.10;59.32;59.32;351,436
08/04/2021;59.52;59.93;58.82;59.60;59.60;419,913
07/04/2021;59.26;60.04;58.12;59.77;59.77;475,537
06/04/2021;58.80;60.90;58.62;59.33;59.33;457,348
05/04/2021;61.50;61.50;57.63;58.65;58.65;438,864
01/04/2021;59.49;61.75;58.86;61.45;61.45;605,567
31/03/2021;60.45;61.17;58.85;59.16;59.16;414,162
30/03/2021;61.96;62.27;59.94;60.55;60.55;388,188
29/03/2021;60.93;61.77;59.41;61.56;61.56;449,360
26/03/2021;58.48;61.36;58.32;60.97;60.97;471,996
25/03/2021;60.80;60.86;57.44;58.56;58.56;580,105
24/03/2021;57.40;61.34;57.29;61.18;61.18;566,291
23/03/2021;61.28;61.35;57.25;57.76;57.76;712,317
22/03/2021;61.55;61.90;60.39;61.55;61.55;404,370
19/03/2021;59.56;61.72;58.94;61.42;61.42;84,171
18/03/2021;64.42;64.82;58.20;60.00;60.00;143,597
17/03/2021;64.75;65.34;63.60;64.60;64.60;254,724
16/03/2021;65.33;65.43;63.80;64.80;64.80;317,537
15/03/2021;65.56;66.40;64.13;65.39;65.39;378,009
12/03/2021;65.96;66.24;65.41;65.61;65.61;321,714
11/03/2021;64.70;66.21;64.54;66.02;66.02;441,063
10/03/2021;63.84;64.96;63.13;64.44;64.44;498,488
09/03/2021;64.73;65.98;63.63;64.01;64.01;554,564
08/03/2021;66.68;67.98;64.57;65.05;65.05;533,376
05/03/2021;64.16;66.42;63.82;66.09;66.09;573,168
04/03/2021;61.08;64.86;60.52;63.83;63.83;694,628
03/03/2021;59.55;61.99;59.24;61.28;61.28;465,311
02/03/2021;60.23;61.21;59.38;59.75;59.75;464,133
01/03/2021;61.95;62.92;59.96;60.64;60.64;456,679
26/02/2021;63.46;63.57;61.34;61.50;61.50;472,723
25/02/2021;63.39;63.81;62.65;63.53;63.53;510,357
24/02/2021;61.29;63.51;60.97;63.22;63.22;489,933
23/02/2021;62.16;63.00;60.67;61.67;61.67;570,677
22/02/2021;58.88;61.84;58.82;61.49;61.49;505,773
19/02/2021;60.20;60.29;58.59;59.24;59.24;102,427
18/02/2021;61.68;62.26;59.79;60.52;60.52;132,035
17/02/2021;60.24;61.73;59.43;61.14;61.14;335,419
16/02/2021;59.98;60.95;59.33;60.05;60.05;602,332
12/02/2021;57.94;59.82;57.41;59.47;59.47;480,822
11/02/2021;58.40;58.71;57.84;58.24;58.24;380,445
10/02/2021;58.45;58.91;58.08;58.68;58.68;457,535
09/02/2021;58.11;58.62;57.27;58.36;58.36;514,698
08/02/2021;57.06;58.14;57.00;57.97;57.97;399,724
05/02/2021;56.46;57.29;56.43;56.85;56.85;400,833
04/02/2021;55.96;56.58;55.30;56.23;56.23;381,404
03/02/2021;55.05;56.33;54.81;55.69;55.69;448,693
02/02/2021;53.48;55.26;53.45;54.76;54.76;463,718
01/02/2021;51.99;53.74;51.64;53.55;53.55;416,067
29/01/2021;52.15;53.25;51.93;52.20;52.20;410,914
28/01/2021;52.65;53.58;52.04;52.34;52.34;411,406
27/01/2021;52.76;53.30;51.85;52.85;52.85;442,376
26/01/2021;52.91;53.25;52.29;52.61;52.61;314,538
25/01/2021;52.17;52.95;51.82;52.77;52.77;349,076
22/01/2021;53.10;53.16;51.44;52.27;52.27;437,484
21/01/2021;52.93;53.41;52.75;53.13;53.13;352,397
20/01/2021;53.13;53.79;53.05;53.24;53.24;400,301
19/01/2021;52.00;53.13;51.76;52.98;52.98;125,964
15/01/2021;53.80;53.83;51.83;52.36;52.36;165,668
14/01/2021;52.84;53.75;52.24;53.57;53.57;390,087
13/01/2021;53.31;53.93;52.58;52.91;52.91;429,898
12/01/2021;52.18;53.45;52.07;53.21;53.21;400,200
11/01/2021;52.58;52.70;51.50;52.25;52.25;394,822
08/01/2021;50.93;52.75;50.81;52.24;52.24;499,416
07/01/2021;50.53;51.28;50.39;50.83;50.83;369,292
06/01/2021;49.82;50.94;49.48;50.63;50.63;509,365
05/01/2021;47.38;50.20;47.24;49.93;49.93;643,191
04/01/2021;48.40;49.83;47.18;47.62;47.62;528,525
31/12/2020;48.35;48.58;47.77;48.52;48.52;181,894
30/12/2020;48.13;48.66;47.61;48.40;48.40;266,957
29/12/2020;47.72;48.35;47.68;48.00;48.00;213,778
28/12/2020;48.23;48.96;47.50;47.62;47.62;238,462
24/12/2020;48.09;48.62;47.56;48.23;48.23;167,390
23/12/2020;46.79;48.50;46.16;48.12;48.12;344,306
22/12/2020;47.93;47.96;46.60;47.02;47.02;295,737
21/12/2020;48.54;48.61;46.18;47.74;47.74;478,098
18/12/2020;48.43;49.28;48.10;49.10;49.10;83,711
17/12/2020;47.85;48.59;47.81;48.36;48.36;96,536
16/12/2020;47.60;47.94;47.17;47.82;47.82;275,331
15/12/2020;46.99;47.73;46.54;47.62;47.62;311,169
14/12/2020;46.73;47.44;45.69;46.99;46.99;403,543
11/12/2020;46.97;47.29;46.34;46.57;46.57;367,305
10/12/2020;45.69;47.74;45.52;46.78;46.78;447,529
09/12/2020;45.60;46.24;44.95;45.52;45.52;434,976
08/12/2020;45.66;45.93;45.14;45.60;45.60;332,641
07/12/2020;46.15;46.54;45.36;45.76;45.76;348,871
04/12/2020;45.64;46.68;45.61;46.26;46.26;335,453
03/12/2020;44.99;45.84;44.66;45.64;45.64;350,768
02/12/2020;44.38;45.92;43.92;45.28;45.28;368,854
01/12/2020;45.08;45.70;44.12;44.55;44.55;314,919
30/11/2020;45.34;45.80;44.42;45.34;45.34;370,755
27/11/2020;45.90;46.09;44.55;45.53;45.53;365,128
25/11/2020;44.82;46.26;44.73;45.71;45.71;417,182
24/11/2020;42.84;45.20;42.82;44.91;44.91;418,527
23/11/2020;42.46;43.36;42.29;43.06;43.06;300,717
20/11/2020;41.70;42.32;41.51;42.15;42.15;276,340
19/11/2020;41.61;41.98;41.08;41.74;41.74;88,144
18/11/2020;41.35;42.46;41.08;41.82;41.82;107,013
17/11/2020;41.44;41.69;40.57;41.43;41.43;243,677
16/11/2020;40.17;42.09;40.15;41.34;41.34;378,785
13/11/2020;40.94;40.94;40.06;40.13;40.13;338,187
12/11/2020;41.47;42.19;40.87;41.12;41.12;401,031
11/11/2020;41.79;43.06;41.32;41.45;41.45;443,772
10/11/2020;39.91;41.84;39.41;41.36;41.36;457,045
09/11/2020;37.34;41.33;37.16;40.29;40.29;622,921
06/11/2020;38.54;38.61;37.06;37.14;37.14;411,026
05/11/2020;39.17;39.35;38.27;38.79;38.79;298,366
04/11/2020;38.15;39.25;37.26;39.15;39.15;437,000
03/11/2020;37.03;38.32;36.57;37.66;37.66;410,611
02/11/2020;35.24;37.15;33.64;36.81;36.81;489,204
30/10/2020;36.07;36.60;35.21;35.79;35.79;388,971
29/10/2020;37.39;37.76;34.92;36.17;36.17;568,816
28/10/2020;38.97;39.01;36.97;37.39;37.39;489,954
27/10/2020;38.59;39.83;38.51;39.57;39.57;339,535
26/10/2020;39.69;39.74;38.28;38.56;38.56;360,184
23/10/2020;40.61;40.92;39.57;39.85;39.85;268,931
22/10/2020;40.04;41.02;39.71;40.64;40.64;307,494
21/10/2020;41.22;41.59;39.78;40.03;40.03;366,899
20/10/2020;40.65;41.70;40.25;41.46;41.46;360,574
19/10/2020;40.69;41.22;40.54;40.83;40.83;75,335
16/10/2020;40.88;41.05;40.08;40.88;40.88;96,488
15/10/2020;41.13;41.29;39.22;40.96;40.96;248,251
14/10/2020;40.19;41.16;39.82;41.04;41.04;328,295
13/10/2020;39.53;40.53;39.35;40.20;40.20;375,470
12/10/2020;40.40;40.45;39.04;39.43;39.43;322,035
09/10/2020;41.31;41.47;40.38;40.60;40.60;331,703
08/10/2020;39.99;41.33;39.76;41.19;41.19;409,787
07/10/2020;39.83;40.35;39.28;39.95;39.95;433,065
06/10/2020;39.35;40.86;39.10;40.67;40.67;400,531
05/10/2020;37.00;39.72;37.00;39.22;39.22;378,579
02/10/2020;38.60;38.65;36.63;37.05;37.05;391,428
01/10/2020;39.90;40.47;37.61;38.72;38.72;443,442
30/09/2020;39.16;40.37;38.68;40.22;40.22;340,294
29/09/2020;40.58;40.70;38.41;39.29;39.29;379,599
28/09/2020;40.07;40.80;39.78;40.60;40.60;226,425
25/09/2020;40.15;40.64;39.71;40.25;40.25;229,025
24/09/2020;39.60;40.37;39.12;40.31;40.31;269,992
23/09/2020;39.76;40.75;39.26;39.93;39.93;318,754
22/09/2020;39.63;40.02;39.00;39.60;39.60;287,807
21/09/2020;40.98;41.27;38.66;39.31;39.31;66,195
18/09/2020;40.97;41.49;40.30;41.11;41.11;85,906
17/09/2020;40.19;41.22;39.42;40.97;40.97;280,669
16/09/2020;38.35;40.34;38.35;40.16;40.16;367,612
15/09/2020;37.28;38.57;37.06;38.28;38.28;348,861
14/09/2020;37.32;37.68;36.82;37.26;37.26;347,563
11/09/2020;37.01;37.82;36.67;37.33;37.33;363,787
10/09/2020;37.80;38.18;36.93;37.30;37.30;367,555
09/09/2020;36.79;38.45;36.16;38.05;38.05;455,356
08/09/2020;39.48;39.59;36.13;36.76;36.76;720,975
04/09/2020;41.25;41.87;39.35;39.77;39.77;444,184
03/09/2020;41.63;41.79;40.22;41.37;41.37;417,634
02/09/2020;43.02;43.21;41.23;41.51;41.51;421,771
01/09/2020;42.83;43.43;42.72;42.76;42.76;285,146
31/08/2020;42.91;43.57;42.56;42.61;42.61;236,877
28/08/2020;42.98;43.42;42.69;42.97;42.97;272,800
27/08/2020;43.45;43.50;42.36;43.04;43.04;320,968
26/08/2020;43.39;43.78;43.00;43.39;43.39;262,243
25/08/2020;42.36;43.57;42.31;43.35;43.35;330,800
24/08/2020;42.48;42.89;42.23;42.62;42.62;294,731
21/08/2020;42.75;42.96;41.46;42.34;42.34;345,368
20/08/2020;42.74;42.79;41.50;42.58;42.58;377,070
19/08/2020;42.60;43.03;42.36;42.93;42.93;81,299
18/08/2020;42.79;42.99;42.11;42.89;42.89;111,628
17/08/2020;42.24;42.97;41.80;42.89;42.89;208,429
14/08/2020;42.33;42.57;41.62;42.01;42.01;310,866
13/08/2020;42.57;42.84;42.09;42.24;42.24;329,507
12/08/2020;41.62;42.90;41.53;42.67;42.67;397,831
11/08/2020;41.98;42.94;41.48;41.61;41.61;432,843
10/08/2020;41.50;42.33;41.17;41.94;41.94;367,796
07/08/2020;41.97;42.22;41.06;41.22;41.22;398,997
06/08/2020;42.19;42.65;41.61;41.95;41.95;359,610
05/08/2020;41.56;43.52;41.47;42.19;42.19;491,268
04/08/2020;40.78;42.08;40.14;41.70;41.70;451,575
03/08/2020;40.39;41.24;39.58;41.01;41.01;338,326
31/07/2020;40.34;40.55;39.66;40.27;40.27;318,788
30/07/2020;41.32;41.39;38.72;39.92;39.92;487,325
29/07/2020;41.13;41.57;40.93;41.27;41.27;295,855
28/07/2020;41.65;41.93;40.85;41.04;41.04;276,804
27/07/2020;41.26;41.82;40.48;41.60;41.60;377,714
24/07/2020;41.06;41.67;40.66;41.29;41.29;353,159
23/07/2020;41.95;42.36;40.83;41.07;41.07;389,412
22/07/2020;41.54;42.03;41.14;41.90;41.90;333,647
21/07/2020;40.65;42.40;40.64;41.96;41.96;389,117
20/07/2020;40.64;40.91;39.83;40.81;40.81;60,179
17/07/2020;40.72;40.90;40.02;40.59;40.59;88,220
16/07/2020;40.97;41.18;40.52;40.75;40.75;200,101
15/07/2020;40.55;41.26;40.08;41.20;41.20;352,542
14/07/2020;39.60;40.57;39.07;40.29;40.29;426,971
13/07/2020;40.35;40.72;39.47;40.10;40.10;370,715
10/07/2020;39.58;40.77;38.54;40.55;40.55;393,149
09/07/2020;40.87;40.99;39.27;39.62;39.62;367,386
08/07/2020;40.48;41.08;40.30;40.90;40.90;286,740
07/07/2020;40.68;40.95;39.90;40.62;40.62;256,596
06/07/2020;40.38;41.08;39.84;40.63;40.63;373,236
02/07/2020;39.78;40.74;39.46;40.65;40.65;347,096
01/07/2020;39.84;40.58;39.05;39.82;39.82;407,170
30/06/2020;39.64;40.08;38.85;39.27;39.27;370,059
29/06/2020;37.96;39.89;37.50;39.70;39.70;343,913
26/06/2020;39.09;39.35;37.79;38.49;38.49;356,712
25/06/2020;38.05;39.23;37.08;38.72;38.72;451,640
24/06/2020;39.99;40.54;37.31;38.01;38.01;499,490
23/06/2020;40.68;41.63;39.76;40.37;40.37;368,730
22/06/2020;39.18;40.70;39.12;40.46;40.46;315,264
19/06/2020;38.85;40.49;38.40;39.75;39.75;64,113
18/06/2020;37.74;38.97;37.11;38.84;38.84;113,384
17/06/2020;37.93;38.75;37.21;37.96;37.96;239,516
16/06/2020;37.05;39.06;36.38;38.38;38.38;366,323
15/06/2020;36.03;37.26;34.36;37.12;37.12;387,546
12/06/2020;36.26;36.99;34.48;36.26;36.26;406,508
11/06/2020;39.09;39.09;35.41;36.34;36.34;513,912
10/06/2020;38.50;39.91;37.73;39.60;39.60;385,868
09/06/2020;38.22;39.10;37.07;38.94;38.94;396,033
08/06/2020;39.41;40.44;37.96;38.19;38.19;416,639
05/06/2020;37.33;39.68;37.05;39.55;39.55;396,856
04/06/2020;36.76;37.62;36.38;37.41;37.41;307,612
03/06/2020;36.86;38.18;35.88;37.29;37.29;494,253
02/06/2020;35.56;37.06;35.28;36.81;36.81;343,483
01/06/2020;35.21;35.90;34.27;35.44;35.44;385,710
29/05/2020;33.68;35.77;32.36;35.49;35.49;443,647
28/05/2020;32.10;34.21;31.14;33.71;33.71;440,168
27/05/2020;34.14;34.32;31.75;32.81;32.81;415,246
26/05/2020;33.30;34.81;32.48;34.35;34.35;466,737
22/05/2020;33.95;34.00;30.72;33.25;33.25;429,036
21/05/2020;33.53;34.66;33.26;33.92;33.92;372,814
20/05/2020;31.89;33.78;31.56;33.49;33.49;406,431
19/05/2020;32.83;33.44;31.34;32.50;32.50;430,823
18/05/2020;29.53;33.32;29.53;31.82;31.82;89,376
15/05/2020;27.64;29.92;27.24;29.43;29.43;108,016
14/05/2020;25.56;27.96;25.18;27.56;27.56;160,507
13/05/2020;25.30;26.45;24.79;25.29;25.29;150,864
12/05/2020;24.49;26.23;24.22;25.78;25.78;212,335
11/05/2020;24.49;25.58;23.67;24.14;24.14;179,591
08/05/2020;23.35;24.99;23.26;24.74;24.74;205,181
07/05/2020;24.09;26.74;22.94;23.55;23.55;310,261
06/05/2020;25.52;26.08;22.58;23.99;23.99;381,165
05/05/2020;21.24;25.49;21.13;24.56;24.56;387,240
04/05/2020;19.11;21.42;18.05;20.39;20.39;311,488
01/05/2020;19.04;20.48;18.07;19.78;19.78;403,201
30/04/2020;15.64;19.44;15.45;18.84;18.84;545,344
29/04/2020;13.35;16.78;12.67;15.06;15.06;554,134
28/04/2020;12.96;13.69;10.07;12.34;12.34;897,087
27/04/2020;16.84;16.98;11.88;12.78;12.78;623,201
24/04/2020;16.78;17.97;15.64;16.94;16.94;600,220
23/04/2020;14.20;18.26;13.35;16.50;16.50;833,584
22/04/2020;13.12;16.18;10.26;13.78;13.78;1,235,218
21/04/2020;-14.00;13.86;-16.74;10.01;10.01;2,288,230
20/04/2020;17.73;17.85;-40.32;-37.63;-37.63;247,947
17/04/2020;20.00;20.22;17.31;18.27;18.27;240,628
16/04/2020;20.15;20.53;19.42;19.87;19.87;350,942
15/04/2020;20.72;20.89;19.20;19.87;19.87;544,797
14/04/2020;22.36;23.08;19.95;20.11;20.11;785,478
13/04/2020;24.60;24.74;22.03;22.41;22.41;775,120
09/04/2020;26.28;28.36;22.57;22.76;22.76;1,122,149
08/04/2020;24.30;26.45;23.74;25.09;25.09;823,554
07/04/2020;26.34;27.24;23.54;23.63;23.63;797,707
06/04/2020;26.09;28.24;25.28;26.08;26.08;752,710
03/04/2020;24.81;29.13;23.52;28.34;28.34;1,007,577
02/04/2020;21.22;27.39;20.76;25.32;25.32;1,095,972
01/04/2020;20.10;21.55;19.90;20.31;20.31;703,286
31/03/2020;20.23;21.89;20.01;20.48;20.48;660,082
30/03/2020;20.93;20.93;19.27;20.09;20.09;758,711
27/03/2020;23.29;23.44;20.88;21.51;21.51;603,124
26/03/2020;24.25;24.65;22.38;22.60;22.60;633,877
25/03/2020;24.37;25.24;22.91;24.49;24.49;618,725
24/03/2020;23.87;25.16;23.09;24.01;24.01;659,697
23/03/2020;22.52;24.07;20.80;23.36;23.36;852,951
20/03/2020;24.73;27.89;19.46;22.43;22.43;1,133,808
19/03/2020;22.30;27.71;21.36;25.22;25.22;136,722
18/03/2020;26.94;27.22;20.06;20.37;20.37;309,481
17/03/2020;28.69;30.30;26.63;26.95;26.95;545,820
16/03/2020;33.75;33.75;28.10;28.70;28.70;698,829
13/03/2020;30.77;33.87;30.33;31.73;31.73;743,129
12/03/2020;33.07;33.63;30.02;31.50;31.50;1,025,036
11/03/2020;34.62;36.35;32.56;32.98;32.98;874,646
10/03/2020;30.37;35.02;30.20;34.36;34.36;1,064,632
09/03/2020;32.87;34.88;27.34;31.13;31.13;1,774,383
06/03/2020;46.09;46.38;41.05;41.28;41.28;1,276,180
05/03/2020;47.13;47.57;45.65;45.90;45.90;704,591
04/03/2020;46.94;48.41;46.65;46.78;46.78;745,856
03/03/2020;47.72;48.66;46.47;47.18;47.18;1,011,933
02/03/2020;43.70;47.56;43.32;46.75;46.75;949,471
28/02/2020;46.49;47.03;43.85;44.76;44.76;1,101,659
27/02/2020;48.63;48.78;45.88;47.09;47.09;1,011,915
26/02/2020;50.08;50.44;48.30;48.73;48.73;884,482
25/02/2020;51.37;52.02;49.69;49.90;49.90;764,989
24/02/2020;52.60;52.64;50.45;51.43;51.43;765,515
21/02/2020;53.74;53.86;52.55;53.38;53.38;707,555
20/02/2020;53.50;54.50;53.22;53.78;53.78;676,179
19/02/2020;52.12;53.66;51.93;53.29;53.29;113,683
18/02/2020;52.23;52.41;50.88;52.05;52.05;221,774
14/02/2020;51.51;52.34;51.32;52.05;52.05;607,343
13/02/2020;51.72;51.96;50.60;51.42;51.42;745,400
12/02/2020;49.96;51.73;49.95;51.17;51.17;795,256
11/02/2020;49.61;50.69;49.58;49.94;49.94;725,733
10/02/2020;50.12;50.49;49.42;49.57;49.57;715,894
07/02/2020;51.11;51.48;50.09;50.32;50.32;768,345
06/02/2020;51.17;52.20;50.24;50.95;50.95;750,659
05/02/2020;49.51;51.88;49.47;50.75;50.75;887,946
04/02/2020;49.94;51.55;49.31;49.61;49.61;859,357
03/02/2020;51.01;51.97;49.80;50.11;50.11;876,044
31/01/2020;52.92;53.36;50.97;51.56;51.56;827,907
30/01/2020;53.09;53.20;51.66;52.14;52.14;720,123
29/01/2020;53.97;54.37;52.81;53.33;53.33;624,979
28/01/2020;52.77;54.06;52.68;53.48;53.48;633,963
27/01/2020;53.70;53.71;52.13;53.14;53.14;712,880
24/01/2020;55.69;55.95;53.85;54.19;54.19;586,195
23/01/2020;56.11;56.27;54.77;55.59;55.59;703,995
22/01/2020;58.26;58.38;56.03;56.74;56.74;620,119
21/01/2020;59.17;59.73;57.68;58.34;58.34;648,335
17/01/2020;58.59;58.98;58.27;58.54;58.54;122,561
16/01/2020;58.10;58.87;57.56;58.52;58.52;182,871
15/01/2020;58.20;58.36;57.36;57.81;57.81;433,169
14/01/2020;58.03;58.72;57.72;58.23;58.23;507,714
13/01/2020;59.04;59.27;57.91;58.08;58.08;584,002
10/01/2020;59.61;59.78;58.85;59.04;59.04;596,186
09/01/2020;59.99;60.31;58.66;59.56;59.56;750,933
08/01/2020;62.84;65.65;59.15;59.61;59.61;1,205,710
07/01/2020;62.91;63.15;62.11;62.70;62.70;582,649
06/01/2020;63.71;64.72;62.64;63.27;63.27;724,236
03/01/2020;61.18;64.09;61.13;63.05;63.05;885,861
02/01/2020;61.60;61.60;60.64;61.18;61.18;486,873
31/12/2019;61.68;61.88;60.63;61.06;61.06;494,535
30/12/2019;61.71;62.34;61.09;61.68;61.68;427,149
27/12/2019;61.73;61.97;61.24;61.72;61.72;351,899
26/12/2019;61.20;61.83;61.06;61.68;61.68;265,091
24/12/2019;60.63;61.16;60.47;61.11;61.11;204,535
23/12/2019;60.41;60.77;60.10;60.52;60.52;314,711
20/12/2019;61.11;61.20;60.02;60.44;60.44;552,517
19/12/2019;60.86;61.47;60.79;61.22;61.22;426,341
18/12/2019;60.55;61.18;60.32;60.93;60.93;131,071
17/12/2019;60.23;61.06;60.03;60.94;60.94;163,744
16/12/2019;59.87;60.34;59.71;60.21;60.21;347,395
13/12/2019;59.36;60.48;59.27;60.07;60.07;512,288
12/12/2019;58.88;59.72;58.75;59.18;59.18;530,851
11/12/2019;59.06;59.22;58.11;58.76;58.76;589,650
10/12/2019;58.92;59.52;58.52;59.24;59.24;566,822
09/12/2019;59.11;59.25;58.23;59.02;59.02;511,561
06/12/2019;58.32;59.85;57.70;59.20;59.20;679,609
05/12/2019;58.36;59.12;58.10;58.43;58.43;649,461
04/12/2019;56.43;58.66;56.28;58.43;58.43;760,541
03/12/2019;55.96;56.80;55.35;56.10;56.10;560,554
02/12/2019;55.47;56.67;55.42;55.96;55.96;616,423
29/11/2019;58.13;58.30;55.02;55.17;55.17;718,724
27/11/2019;58.27;58.68;57.51;58.11;58.11;454,256
26/11/2019;57.92;58.56;57.76;58.41;58.41;443,816
25/11/2019;57.92;58.15;57.21;58.01;58.01;420,642
22/11/2019;58.31;58.74;57.50;57.77;57.77;508,244
21/11/2019;57.00;58.67;56.60;58.58;58.58;593,533
20/11/2019;55.16;57.25;54.76;57.11;57.11;674,891
19/11/2019;56.90;57.11;55.04;55.21;55.21;121,214
18/11/2019;57.88;58.09;56.55;57.05;57.05;159,328
15/11/2019;56.91;57.97;56.43;57.72;57.72;375,993
14/11/2019;57.39;57.79;56.63;56.77;56.77;516,832
13/11/2019;56.79;57.53;56.20;57.12;57.12;547,635
12/11/2019;56.89;57.55;56.54;56.80;56.80;586,568
11/11/2019;57.40;57.40;56.25;56.86;56.86;498,981
08/11/2019;57.08;57.48;55.76;57.24;57.24;636,941
07/11/2019;56.35;57.88;56.27;57.15;57.15;678,165
06/11/2019;57.26;57.85;56.11;56.35;56.35;623,258
05/11/2019;56.56;57.50;56.30;57.23;57.23;435,319
04/11/2019;56.41;57.43;55.83;56.54;56.54;580,350
01/11/2019;54.15;56.33;54.07;56.20;56.20;538,117
31/10/2019;54.90;55.59;53.71;54.18;54.18;677,419
30/10/2019;55.53;55.73;54.42;55.06;55.06;659,328
29/10/2019;55.80;55.91;54.61;55.54;55.54;521,457
28/10/2019;56.65;56.92;55.58;55.81;55.81;437,020
25/10/2019;56.07;56.74;55.60;56.66;56.66;445,020
24/10/2019;55.90;56.51;55.41;56.23;56.23;480,764
23/10/2019;54.30;56.07;53.62;55.97;55.97;620,202
22/10/2019;53.39;54.62;53.10;54.16;54.16;506,573
21/10/2019;53.71;54.03;52.71;53.31;53.31;95,979
18/10/2019;54.09;54.62;53.35;53.78;53.78;174,477
17/10/2019;52.99;54.16;52.62;53.93;53.93;418,422
16/10/2019;52.92;53.74;52.52;53.36;53.36;451,643
15/10/2019;53.51;53.79;52.39;52.81;52.81;511,249
14/10/2019;54.90;54.90;52.77;53.59;53.59;467,643
11/10/2019;53.88;54.93;53.64;54.70;54.70;467,643
10/10/2019;52.69;53.97;51.38;53.55;53.55;613,944
09/10/2019;52.57;53.74;52.31;52.59;52.59;632,666
08/10/2019;52.81;53.27;51.81;52.63;52.63;658,324
07/10/2019;52.69;54.06;52.59;52.75;52.75;549,019
04/10/2019;52.29;53.35;52.04;52.81;52.81;541,104
03/10/2019;52.47;52.91;50.99;52.45;52.45;642,466
02/10/2019;54.00;54.42;52.17;52.64;52.64;590,306
01/10/2019;54.28;54.84;53.05;53.62;53.62;589,176
30/09/2019;56.54;56.57;53.98;54.07;54.07;532,522
27/09/2019;56.51;56.76;54.75;55.91;55.91;712,966
26/09/2019;56.69;56.84;55.41;56.41;56.41;599,653
25/09/2019;56.70;57.02;55.55;56.49;56.49;563,550
24/09/2019;58.44;58.49;56.69;57.29;57.29;591,529
23/09/2019;59.25;59.39;57.37;58.64;58.64;526,785
20/09/2019;58.65;59.10;57.79;58.09;58.09;576,019
19/09/2019;58.20;59.54;58.01;58.13;58.13;112,327
18/09/2019;58.81;59.43;57.67;58.11;58.11;216,961
17/09/2019;61.96;62.59;58.46;59.34;59.34;993,237
16/09/2019;61.48;63.38;58.77;62.90;62.90;1,404,916
13/09/2019;55.15;55.68;54.44;54.85;54.85;599,470
12/09/2019;55.93;56.34;54.00;55.09;55.09;845,977
11/09/2019;57.89;58.30;55.61;55.75;55.75;858,772
10/09/2019;58.03;58.76;57.20;57.40;57.40;755,472
09/09/2019;56.80;58.16;56.58;57.85;57.85;646,993
06/09/2019;56.19;56.95;54.83;56.52;56.52;714,294
05/09/2019;55.95;57.76;55.75;56.30;56.30;712,466
04/09/2019;53.92;56.58;53.84;56.26;56.26;682,298
03/09/2019;55.00;55.24;52.84;53.94;53.94;970,804
30/08/2019;56.63;56.72;54.55;55.10;55.10;708,268
29/08/2019;55.88;56.89;55.43;56.71;56.71;630,760
28/08/2019;55.71;56.75;55.34;55.78;55.78;674,048
27/08/2019;53.76;55.72;53.69;54.93;54.93;596,624
26/08/2019;53.25;55.26;52.96;53.64;53.64;679,022
23/08/2019;55.35;55.60;53.24;54.17;54.17;807,151
22/08/2019;55.94;56.46;54.85;55.35;55.35;621,573
21/08/2019;56.05;57.13;55.55;55.68;55.68;704,035
20/08/2019;56.10;56.60;55.28;56.34;56.34;659,258
19/08/2019;54.96;56.41;54.84;56.21;56.21;113,571
16/08/2019;54.74;55.67;54.26;54.87;54.87;168,345
15/08/2019;54.90;55.33;53.77;54.47;54.47;527,866
14/08/2019;56.74;56.85;53.97;55.23;55.23;718,293
13/08/2019;54.73;57.47;54.21;57.10;57.10;783,486
12/08/2019;54.32;55.18;53.54;54.93;54.93;611,027
09/08/2019;52.88;54.92;52.37;54.50;54.50;726,386
08/08/2019;52.33;53.06;51.94;52.54;52.54;724,762
07/08/2019;53.42;53.77;50.52;51.09;51.09;1,063,214
06/08/2019;54.95;55.42;53.29;53.63;53.63;682,794
05/08/2019;55.38;55.61;54.22;54.69;54.69;823,844
02/08/2019;54.54;56.05;54.15;55.66;55.66;739,810
01/08/2019;57.85;57.99;53.59;53.95;53.95;886,748
31/07/2019;58.34;58.82;57.81;58.58;58.58;614,001
30/07/2019;57.07;58.47;56.96;58.05;58.05;547,401
29/07/2019;56.20;57.10;55.81;56.87;56.87;529,742
26/07/2019;55.93;56.57;55.68;56.20;56.20;476,785
25/07/2019;55.90;56.99;55.81;56.02;56.02;559,282
24/07/2019;57.23;57.64;55.33;55.88;55.88;745,248
23/07/2019;56.17;57.47;55.74;56.77;56.77;521,876
22/07/2019;56.22;56.84;55.72;56.22;56.22;619,483
19/07/2019;55.72;56.36;54.99;55.63;55.63;105,217
18/07/2019;56.60;57.32;54.72;55.30;55.30;215,361
17/07/2019;57.52;58.36;56.21;56.78;56.78;504,432
16/07/2019;59.26;60.06;57.07;57.62;57.62;712,540
15/07/2019;60.25;60.92;59.20;59.58;59.58;566,818
12/07/2019;60.46;60.74;59.93;60.21;60.21;469,029
11/07/2019;60.44;60.94;60.14;60.20;60.20;573,019
10/07/2019;58.40;60.53;58.35;60.43;60.43;690,656
09/07/2019;57.56;59.10;57.29;57.83;57.83;551,872
08/07/2019;57.77;58.46;57.30;57.66;57.66;540,861
05/07/2019;57.38;57.82;56.29;57.51;57.51;698,015
03/07/2019;56.49;57.48;56.04;57.34;57.34;600,131
02/07/2019;59.14;59.43;56.09;56.25;56.25;878,938
01/07/2019;59.27;60.28;58.34;59.09;59.09;674,887
28/06/2019;59.22;59.80;57.75;58.47;58.47;556,101
27/06/2019;59.27;59.73;58.61;59.43;59.43;531,405
26/06/2019;58.84;59.93;58.65;59.38;59.38;686,817
25/06/2019;57.74;58.84;57.20;57.83;57.83;673,140
24/06/2019;57.72;58.22;56.75;57.90;57.90;597,164
21/06/2019;57.26;57.98;56.66;57.43;57.43;676,047
20/06/2019;54.12;57.02;54.11;56.65;56.65;854,514
19/06/2019;54.09;54.42;53.28;53.76;53.76;122,838
18/06/2019;51.95;54.31;51.50;53.90;53.90;181,640
17/06/2019;52.50;52.74;51.58;51.93;51.93;397,868
14/06/2019;52.18;52.98;51.70;52.51;52.51;574,229
13/06/2019;51.07;53.45;50.92;52.28;52.28;945,024
12/06/2019;53.04;53.05;50.72;51.14;51.14;786,105
11/06/2019;53.43;54.04;52.91;53.27;53.27;642,940
10/06/2019;54.24;54.84;53.05;53.26;53.26;687,146
07/06/2019;53.10;54.32;52.62;53.99;53.99;828,133
06/06/2019;51.66;53.30;51.17;52.59;52.59;790,067
05/06/2019;52.86;53.41;50.60;51.68;51.68;943,186
04/06/2019;52.89;53.78;52.43;53.48;53.48;831,625
03/06/2019;53.42;54.63;52.11;53.25;53.25;984,308
31/05/2019;56.46;56.61;53.05;53.50;53.50;1,031,488
30/05/2019;59.12;59.70;56.33;56.59;56.59;842,281
29/05/2019;59.07;59.14;56.88;58.81;58.81;1,124,959
28/05/2019;58.94;59.57;58.13;59.14;59.14;1,020,323
24/05/2019;58.21;59.10;57.50;58.63;58.63;758,099
23/05/2019;61.27;61.29;57.33;57.91;57.91;1,108,052
22/05/2019;62.64;62.78;61.03;61.42;61.42;766,728
21/05/2019;63.28;63.60;62.75;62.99;62.99;641,680
20/05/2019;63.53;63.81;62.45;63.10;63.10;131,888
17/05/2019;63.12;63.64;62.52;62.76;62.76;215,802
16/05/2019;62.12;63.48;62.08;62.87;62.87;545,679
15/05/2019;61.37;62.34;60.85;62.02;62.02;723,001
14/05/2019;60.86;62.11;60.69;61.78;61.78;751,668
13/05/2019;61.65;63.33;60.64;61.04;61.04;1,003,106
10/05/2019;61.64;62.49;61.42;61.66;61.66;786,494
09/05/2019;62.02;62.21;60.92;61.70;61.70;769,583
08/05/2019;61.44;62.37;61.07;62.12;62.12;791,769
07/05/2019;62.17;62.49;60.66;61.40;61.40;842,810
06/05/2019;61.43;62.95;60.04;62.25;62.25;768,810
03/05/2019;61.55;62.52;61.30;61.94;61.94;646,866
02/05/2019;63.61;63.68;60.95;61.81;61.81;914,661
01/05/2019;63.40;63.93;62.77;63.60;63.60;676,872
30/04/2019;63.58;64.75;63.30;63.91;63.91;750,494
29/04/2019;62.95;63.69;62.46;63.50;63.50;654,076
26/04/2019;65.13;65.18;62.28;63.30;63.30;1,000,836
25/04/2019;65.81;66.28;64.90;65.21;65.21;603,001
24/04/2019;66.17;66.43;65.66;65.89;65.89;678,386
23/04/2019;65.75;66.60;65.58;66.30;66.30;700,598
22/04/2019;64.00;65.92;64.00;65.70;65.70;763,527
18/04/2019;63.75;64.16;63.46;64.00;64.00;148,238
17/04/2019;64.32;64.61;63.66;63.76;63.76;235,376
16/04/2019;63.57;64.37;62.99;64.05;64.05;547,469
15/04/2019;63.76;63.84;63.03;63.40;63.40;555,858
12/04/2019;63.71;64.65;63.66;63.89;63.89;625,588
11/04/2019;64.48;64.49;63.31;63.58;63.58;760,504
10/04/2019;64.22;64.70;64.05;64.61;64.61;722,216
09/04/2019;64.40;64.79;63.68;63.98;63.98;790,677
08/04/2019;63.33;64.48;63.13;64.40;64.40;895,767
05/04/2019;62.18;63.34;61.82;63.08;63.08;686,862
04/04/2019;62.50;62.77;61.89;62.10;62.10;684,973
03/04/2019;62.64;62.99;62.05;62.46;62.46;799,672
02/04/2019;61.81;62.75;61.60;62.58;62.58;793,227
01/04/2019;60.24;61.80;60.13;61.59;61.59;670,808
29/03/2019;59.53;60.73;59.41;60.14;60.14;705,559
28/03/2019;59.40;59.56;58.20;59.30;59.30;712,209
27/03/2019;60.03;60.22;58.81;59.41;59.41;732,150
26/03/2019;59.12;60.38;59.04;59.94;59.94;685,988
25/03/2019;58.98;59.35;58.17;58.82;58.82;705,399
22/03/2019;59.87;60.07;58.28;59.04;59.04;738,840
21/03/2019;59.99;60.39;59.66;59.98;59.98;655,380
20/03/2019;59.02;60.12;58.39;59.83;59.83;786,342
19/03/2019;59.01;59.57;58.62;59.03;59.03;114,822
18/03/2019;58.45;59.23;58.05;59.09;59.09;157,241
15/03/2019;58.51;58.95;57.74;58.52;58.52;507,393
14/03/2019;58.35;58.74;58.00;58.61;58.61;567,604
13/03/2019;57.09;58.48;57.01;58.26;58.26;610,616
12/03/2019;56.76;57.55;56.74;56.87;56.87;652,798
11/03/2019;56.07;57.01;55.96;56.79;56.79;597,156
08/03/2019;56.43;56.51;54.52;56.07;56.07;747,358
07/03/2019;56.20;56.99;56.08;56.66;56.66;628,824
06/03/2019;56.28;56.40;55.42;56.22;56.22;637,677
05/03/2019;56.45;57.19;56.09;56.56;56.56;538,399
04/03/2019;55.83;57.00;55.81;56.59;56.59;549,396
01/03/2019;57.22;57.88;55.57;55.80;55.80;684,186
28/02/2019;57.00;57.43;56.43;57.22;57.22;496,678
27/02/2019;55.95;57.39;55.72;56.94;56.94;577,227
26/02/2019;55.46;56.08;55.02;55.50;55.50;538,919
25/02/2019;57.17;57.53;55.08;55.48;55.48;723,012
22/02/2019;56.84;57.81;56.71;57.26;57.26;513,439
21/02/2019;57.24;57.61;56.64;56.96;56.96;546,202
20/02/2019;55.94;57.55;55.48;56.92;56.92;685,111
19/02/2019;55.78;56.33;55.29;56.09;56.09;153,728
15/02/2019;54.48;55.87;54.24;55.59;55.59;276,907
14/02/2019;53.96;54.68;53.08;54.41;54.41;623,546
13/02/2019;53.35;54.60;53.27;53.90;53.90;706,552
12/02/2019;52.47;54.05;52.29;53.10;53.10;708,312
11/02/2019;52.66;52.78;51.23;52.41;52.41;750,242
08/02/2019;52.59;52.99;52.08;52.72;52.72;621,003
07/02/2019;53.94;54.21;51.80;52.64;52.64;749,010
06/02/2019;53.73;54.30;52.86;54.01;54.01;606,720
05/02/2019;54.86;55.21;53.47;53.66;53.66;609,756
04/02/2019;55.32;55.75;53.29;54.56;54.56;622,472
01/02/2019;54.01;55.66;53.37;55.26;55.26;689,566
31/01/2019;54.28;55.37;53.62;53.79;53.79;718,650
30/01/2019;53.24;54.93;53.09;54.23;54.23;731,312
29/01/2019;52.12;53.93;51.84;53.31;53.31;660,527
28/01/2019;53.56;53.64;51.33;51.99;51.99;650,667
25/01/2019;53.17;53.94;52.91;53.69;53.69;593,385
24/01/2019;52.45;53.47;52.07;53.13;53.13;714,415
23/01/2019;52.95;53.64;51.86;52.62;52.62;702,866
22/01/2019;53.73;54.24;51.80;52.57;52.57;951,158
18/01/2019;52.23;53.92;52.09;53.80;53.80;193,099
17/01/2019;52.30;52.58;50.98;52.07;52.07;288,560
16/01/2019;52.00;52.52;51.26;52.31;52.31;694,182
15/01/2019;50.78;52.30;50.64;52.11;52.11;664,183
14/01/2019;51.73;52.11;50.38;50.51;50.51;791,527
11/01/2019;52.28;53.31;51.18;51.59;51.59;812,339
10/01/2019;52.18;52.78;51.37;52.59;52.59;821,782
09/01/2019;49.80;52.58;49.71;52.36;52.36;891,922
08/01/2019;48.73;49.95;48.31;49.78;49.78;765,981
07/01/2019;48.30;49.79;48.11;48.52;48.52;819,939
04/01/2019;46.90;49.22;46.65;47.96;47.96;817,277
03/01/2019;46.26;47.49;45.35;47.09;47.09;788,718
02/01/2019;45.80;47.78;44.35;46.54;46.54;850,480
31/12/2018;45.22;46.53;44.73;45.41;45.41;476,970
28/12/2018;45.44;46.22;44.42;45.33;45.33;564,385
27/12/2018;46.58;46.70;44.37;44.61;44.61;665,590
26/12/2018;42.85;47.00;42.52;46.22;46.22;698,408
24/12/2018;45.45;46.24;42.36;42.53;42.53;415,859
21/12/2018;46.25;46.77;45.13;45.59;45.59;694,003
20/12/2018;47.39;47.51;45.67;45.88;45.88;794,130
19/12/2018;45.93;48.00;45.93;47.20;47.20;817,721
18/12/2018;49.16;49.59;45.79;46.24;46.24;120,101
17/12/2018;51.25;51.87;49.01;49.88;49.88;211,257
14/12/2018;52.83;52.95;50.84;51.20;51.20;526,839
13/12/2018;51.20;53.27;50.35;52.58;52.58;733,627
12/12/2018;51.95;52.88;50.94;51.15;51.15;730,810
11/12/2018;50.89;52.43;50.70;51.65;51.65;665,262
10/12/2018;52.03;52.81;50.53;51.00;51.00;733,225
07/12/2018;51.76;54.22;50.60;52.61;52.61;987,717
06/12/2018;52.93;53.30;50.08;51.49;51.49;987,266
04/12/2018;53.13;54.55;52.43;53.25;53.25;738,130
03/12/2018;52.45;53.85;52.03;52.95;52.95;758,010
30/11/2018;51.27;51.79;49.65;50.93;50.93;796,714
29/11/2018;50.31;52.20;49.41;51.45;51.45;812,721
28/11/2018;52.09;52.56;50.06;50.29;50.29;831,688
27/11/2018;51.54;52.38;50.30;51.56;51.56;764,010
26/11/2018;50.62;52.25;50.10;51.63;51.63;663,108
23/11/2018;53.87;54.12;50.15;50.42;50.42;1,014,667
21/11/2018;53.39;55.86;53.39;54.63;54.63;734,277
20/11/2018;57.39;57.44;52.77;53.43;53.43;983,120
19/11/2018;56.72;57.33;55.08;56.76;56.76;699,684
16/11/2018;56.58;57.96;55.89;56.46;56.46;159,001
15/11/2018;56.02;57.26;55.59;56.46;56.46;256,499
14/11/2018;55.27;57.37;55.13;56.25;56.25;844,696
13/11/2018;58.88;59.35;54.75;55.69;55.69;1,095,643
12/11/2018;60.70;61.28;58.68;59.93;59.93;806,219
09/11/2018;60.75;60.79;59.26;60.19;60.19;821,729
08/11/2018;61.64;62.42;60.40;60.67;60.67;764,546
07/11/2018;61.74;63.18;61.20;61.67;61.67;866,628
06/11/2018;62.70;63.32;61.31;62.21;62.21;761,240
05/11/2018;62.99;64.14;62.52;63.10;63.10;609,129
02/11/2018;63.50;63.95;62.63;63.14;63.14;708,906
01/11/2018;64.88;65.39;63.11;63.69;63.69;790,286
31/10/2018;66.32;67.00;64.81;65.31;65.31;666,487
30/10/2018;66.68;67.26;65.33;66.18;66.18;680,441
29/10/2018;67.55;67.95;66.29;67.04;67.04;477,487
26/10/2018;66.95;67.88;66.20;67.59;67.59;595,211
25/10/2018;66.36;67.65;65.99;67.33;67.33;573,096
24/10/2018;66.17;67.72;66.05;66.82;66.82;775,963
23/10/2018;69.55;69.66;65.74;66.43;66.43;853,265
22/10/2018;69.41;69.65;68.27;69.17;69.17;513,770
19/10/2018;68.68;69.77;68.56;69.12;69.12;108,311
18/10/2018;70.03;70.03;68.47;68.65;68.65;215,337
17/10/2018;72.17;72.43;69.43;69.75;69.75;651,584
16/10/2018;71.72;72.29;71.02;71.92;71.92;535,003
15/10/2018;71.85;72.70;70.85;71.78;71.78;568,610
12/10/2018;70.99;72.01;70.64;71.34;71.34;626,668
11/10/2018;72.68;72.76;70.51;70.97;70.97;783,962
10/10/2018;74.66;75.08;72.38;73.17;73.17;652,737
09/10/2018;74.21;75.28;74.00;74.96;74.96;623,537
08/10/2018;74.40;74.58;73.07;74.29;74.29;554,938
05/10/2018;74.67;75.22;73.84;74.34;74.34;613,218
04/10/2018;76.18;76.47;73.88;74.33;74.33;687,949
03/10/2018;75.12;76.90;74.30;76.41;76.41;698,817
02/10/2018;75.42;75.91;74.93;75.23;75.23;463,615
01/10/2018;73.29;75.77;72.95;75.30;75.30;601,451
28/09/2018;72.18;73.73;71.88;73.25;73.25;544,047
27/09/2018;72.01;72.60;71.71;72.12;72.12;454,549
26/09/2018;72.09;72.38;71.47;71.57;71.57;464,463
25/09/2018;72.25;72.78;71.89;72.28;72.28;551,280
24/09/2018;71.14;72.74;71.14;72.08;72.08;576,894
21/09/2018;70.20;71.80;69.98;70.78;70.78;855,943
20/09/2018;71.39;71.81;70.73;70.80;70.80;607,520
19/09/2018;69.71;71.50;69.65;71.12;71.12;125,208
18/09/2018;68.80;70.42;68.53;69.85;69.85;234,202
17/09/2018;68.93;69.72;68.53;68.91;68.91;422,294
14/09/2018;68.79;69.91;67.94;68.99;68.99;611,075
13/09/2018;70.24;70.28;68.35;68.59;68.59;684,937
12/09/2018;69.89;71.26;69.50;70.37;70.37;800,543
11/09/2018;67.53;70.01;67.48;69.25;69.25;676,869
10/09/2018;67.82;68.52;67.33;67.54;67.54;571,174
07/09/2018;67.88;68.08;66.86;67.75;67.75;530,895
06/09/2018;68.64;69.02;67.00;67.77;67.77;633,824
05/09/2018;69.43;69.59;68.56;68.72;68.72;542,104
04/09/2018;70.12;71.40;69.08;69.87;69.87;785,981
31/08/2018;70.06;70.36;69.64;69.80;69.80;419,739
30/08/2018;69.71;70.50;69.55;70.25;70.25;445,584
29/08/2018;68.54;69.76;68.37;69.51;69.51;497,095
28/08/2018;68.93;69.20;68.21;68.53;68.53;426,833
27/08/2018;68.57;68.97;68.34;68.87;68.87;332,612
24/08/2018;67.90;69.31;67.78;68.72;68.72;517,796
23/08/2018;68.07;68.12;67.32;67.83;67.83;450,690
22/08/2018;66.08;68.15;65.98;67.86;67.86;581,899
21/08/2018;66.62;68.10;66.52;67.35;67.35;437,164
20/08/2018;65.91;66.68;65.59;66.43;66.43;112,709
17/08/2018;65.47;66.39;65.30;65.91;65.91;171,403
16/08/2018;64.95;65.52;64.43;65.46;65.46;383,380
15/08/2018;66.62;66.90;64.51;65.01;65.01;573,473
14/08/2018;67.42;68.37;66.58;67.04;67.04;538,484
13/08/2018;67.78;67.95;65.71;67.20;67.20;578,219
10/08/2018;66.74;67.87;66.14;67.63;67.63;524,490
09/08/2018;66.79;67.41;66.49;66.81;66.81;509,401
08/08/2018;69.09;69.37;66.32;66.94;66.94;760,313
07/08/2018;68.90;69.83;68.81;69.17;69.17;485,027
06/08/2018;68.65;69.92;68.50;69.01;69.01;495,605
03/08/2018;68.99;69.24;67.87;68.49;68.49;476,615
02/08/2018;67.86;69.36;66.92;68.96;68.96;531,071
01/08/2018;68.43;68.52;67.31;67.66;67.66;576,561
31/07/2018;70.05;70.22;67.98;68.76;68.76;519,070
30/07/2018;69.01;70.43;68.80;70.13;70.13;463,011
27/07/2018;69.58;69.77;68.26;68.69;68.69;460,450
26/07/2018;69.38;69.92;68.92;69.61;69.61;489,059
25/07/2018;68.77;69.70;68.20;69.30;69.30;622,913
24/07/2018;67.80;69.05;67.56;68.52;68.52;524,591
23/07/2018;68.17;69.31;67.60;67.89;67.89;555,915
20/07/2018;69.39;71.10;69.37;70.46;70.46;500,967
19/07/2018;69.00;70.17;67.80;69.46;69.46;103,220
18/07/2018;67.61;69.06;67.04;68.76;68.76;187,313
17/07/2018;68.03;68.44;67.03;68.08;68.08;440,727
16/07/2018;70.52;70.87;67.58;68.06;68.06;530,480
13/07/2018;70.38;71.66;69.84;71.01;71.01;530,277
12/07/2018;70.60;71.24;69.23;70.33;70.33;707,887
11/07/2018;74.20;74.26;70.02;70.38;70.38;861,726
10/07/2018;74.04;74.70;73.65;74.11;74.11;586,829
09/07/2018;73.87;74.28;72.99;73.85;73.85;533,003
06/07/2018;73.16;74.01;72.14;73.80;73.80;611,419
05/07/2018;74.35;74.80;72.53;72.94;72.94;841,632
03/07/2018;74.08;75.27;72.73;74.14;74.14;667,235
02/07/2018;73.62;74.35;72.51;73.94;73.94;652,167
29/06/2018;73.33;74.46;72.93;74.15;74.15;602,399
28/06/2018;72.27;74.03;72.20;73.45;73.45;717,347
27/06/2018;70.68;73.06;70.56;72.76;72.76;775,155
26/06/2018;68.21;70.91;67.72;70.53;70.53;848,537
25/06/2018;68.75;69.44;67.78;68.08;68.08;816,207
22/06/2018;65.93;69.38;65.71;68.58;68.58;1,136,232
21/06/2018;65.34;66.22;64.34;65.54;65.54;760,719
20/06/2018;65.11;66.53;65.01;66.22;66.22;801,625
19/06/2018;65.82;65.90;64.39;65.07;65.07;122,646
18/06/2018;64.40;65.98;63.59;65.85;65.85;218,933
15/06/2018;66.62;67.16;64.29;65.06;65.06;512,591
14/06/2018;66.62;67.16;66.36;66.89;66.89;460,168
13/06/2018;66.01;66.89;65.52;66.64;66.64;626,398
12/06/2018;66.05;66.70;65.87;66.36;66.36;524,411
11/06/2018;65.56;66.35;64.85;66.10;66.10;558,281
08/06/2018;65.98;66.24;65.15;65.74;65.74;571,224
07/06/2018;65.07;66.07;64.81;65.95;65.95;675,041
06/06/2018;65.51;65.96;64.27;64.73;64.73;708,829
05/06/2018;64.94;65.57;64.22;65.52;65.52;714,674
04/06/2018;65.71;66.04;64.57;64.75;64.75;696,050
01/06/2018;67.07;67.34;65.51;65.81;65.81;781,103
31/05/2018;68.24;68.30;66.56;67.04;67.04;917,563
30/05/2018;66.85;68.67;66.35;68.21;68.21;726,886
29/05/2018;66.49;67.35;65.92;66.73;66.73;1,059,750
25/05/2018;70.65;70.80;67.42;67.88;67.88;955,354
24/05/2018;71.83;72.00;70.52;70.71;70.71;640,725
23/05/2018;72.11;72.26;71.19;71.84;71.84;702,791
22/05/2018;72.53;72.83;71.90;72.13;72.13;723,458
21/05/2018;71.47;72.59;71.25;72.24;72.24;119,892
18/05/2018;71.60;71.75;70.99;71.28;71.28;211,785
17/05/2018;71.56;72.30;71.09;71.49;71.49;562,639
16/05/2018;71.02;71.59;70.66;71.49;71.49;574,279
15/05/2018;71.15;71.92;70.42;71.31;71.31;815,289
14/05/2018;70.54;71.26;70.26;70.96;70.96;592,826
11/05/2018;71.45;71.63;70.45;70.70;70.70;634,145
10/05/2018;71.23;71.89;70.56;71.36;71.36;749,808
09/05/2018;70.05;71.36;69.85;71.14;71.14;863,386
08/05/2018;70.03;70.40;67.63;69.06;69.06;1,253,566
07/05/2018;69.85;70.84;69.51;70.73;70.73;758,916
04/05/2018;68.50;69.97;68.12;69.72;69.72;690,876
03/05/2018;67.68;68.60;67.21;68.43;68.43;691,219
02/05/2018;67.49;68.14;66.92;67.93;67.93;789,367
01/05/2018;68.56;68.90;66.85;67.25;67.25;694,771
30/04/2018;68.15;69.34;67.17;68.57;68.57;755,186
27/04/2018;68.21;68.36;67.64;68.10;68.10;542,549
26/04/2018;68.03;68.78;67.71;68.19;68.19;660,549
25/04/2018;67.75;68.18;67.11;68.05;68.05;764,049